id,reviewer,label,notes
R001,C,,
R002,C,,
R003,C,,
R004,C,,
R005,C,,
R006,C,,
R007,C,,
R008,C,,
R009,C,,
R010,C,,
R011,C,,
R012,C,,
R013,C,,
R014,C,,
R015,C,,
R016,C,,
R017,C,,
R018,C,,
R019,C,,
R020,C,,
R021,C,,
R022,C,,
R023,C,,
R024,C,,
R025,C,,
R026,C,,
R027,C,,
R028,C,,
R029,C,,
R030,C,,
R031,C,,
R032,C,,
R033,C,,
R034,C,,
R035,C,,
R036,C,,
R037,C,,
R038,C,,
R039,C,,
R040,C,,
R041,C,,
R042,C,,
R043,C,,
R044,C,,
R045,C,,
R046,C,,
R047,C,,
R048,C,,
R049,C,,
R050,C,,
R051,C,,
R052,C,,
R053,C,,
R054,C,,
R055,C,,
R056,C,,
R057,C,,
R058,C,,
R059,C,,
R060,C,,
R061,C,,
R062,C,,
R063,C,,
R064,C,,
R065,C,,
R066,C,,
R067,C,,
R068,C,,
R069,C,,
R070,C,,
R071,C,,
R072,C,,
R073,C,,
R074,C,,
R075,C,,
R076,C,,
R077,C,,
R078,C,,
R079,C,,
R080,C,,
R081,C,,
R082,C,,
R083,C,,
R084,C,,
R085,C,,
R086,C,,
R087,C,,
R088,C,,
R089,C,,
R090,C,,
R091,C,,
R092,C,,
R093,C,,
R094,C,,
R095,C,,
R096,C,,
R097,C,,
R098,C,,
R099,C,,
R100,C,,
